timestamp,open,high,low,close,volume,sma_20,sma_50,sma_200,ema_12,ema_26,ema_50,rsi,macd,macd_signal,macd_hist,bb_middle,bb_upper,bb_lower,bb_pct_b,atr,signal_sma_20_50_cross,signal_rsi,signal_macd,signal_bb,composite_signal
2025-02-23 02:00:00,97638.8,97725.2,97020.0,97334.7,98.969,,,,97334.7,97334.7,97334.7,,0.0,0.0,0.0,,,,,,0,0,0,0,0.0
2025-02-23 03:00:00,97301.9,97846.7,96680.0,97800.0,131.724,,,,97406.28461538462,97369.16666666667,97352.94705882353,,37.117948717947,7.4235897435894005,29.694358974357602,,,,,,0,0,1,0,0.25
2025-02-23 04:00:00,97798.3,97800.0,97502.4,97712.7,47.484,,,,97453.42544378698,97394.61358024692,97367.05501730104,,58.811863540060585,17.70124450288364,41.110619037176946,,,,,,0,0,1,0,0.25
2025-02-23 05:00:00,97673.7,97815.2,97209.6,97611.2,77.562,,,,97477.69845243514,97410.65701874715,97376.62933034806,,67.04143368799123,27.569282339905158,39.47215134808607,,,,,,0,0,1,0,0.25
2025-02-23 06:00:00,97670.8,97814.3,97337.6,97804.0,51.036,,,,97527.89869052205,97439.79353587699,97393.38896445207,,88.1051546450617,39.67645680093647,48.42869784412523,,,,,,0,0,1,0,0.25
2025-02-23 07:00:00,97793.1,97890.9,96909.9,97205.2,150.857,,,,97478.25273813405,97422.41623692313,97386.00900506179,,55.83650121091341,42.90846568293186,12.92803552798155,,,,,,0,0,1,0,0.25
2025-02-23 08:00:00,97105.5,97502.4,96700.0,97210.7,126.49,,,,97437.09077842112,97406.7335527066,97379.13414211819,,30.357225714513334,40.398217689248156,-10.040991974734823,,,,,,0,0,-1,0,-0.25
2025-02-23 09:00:00,97210.7,97795.2,97118.0,97404.8,94.654,,,,97432.12296635633,97406.59032658019,97380.14064634885,,25.53263977613824,37.42510210662618,-11.892462330487938,,,,,,0,0,-1,0,-0.25
2025-02-23 10:00:00,97404.8,98000.0,96680.0,97999.8,181.813,,,,97519.45789460921,97450.53178387055,97404.4410131587,,68.92611073865555,43.72530383303206,25.200806905623494,,,,,,0,0,1,0,0.25
2025-02-23 11:00:00,97926.7,97999.8,97531.4,97789.6,81.177,,,,97561.01821851548,97475.64794802829,97419.54528715249,,85.37027048719756,52.05429716386516,33.3159733233324,,,,,,0,0,1,0,0.25
2025-02-23 12:00:00,97691.5,97900.1,97020.0,97339.5,137.713,,,,97526.93849259002,97465.56291484101,97416.40625628376,,61.375577749015065,53.91855328089514,7.457024468119926,,,,,,0,0,1,0,0.25
2025-02-23 13:00:00,97339.6,97887.0,97305.0,97632.7,91.953,,,,97543.20949373001,97477.9434396676,97424.88836388048,,65.26605406242015,56.188053437200146,9.078000625220007,,,,,,0,0,1,0,0.25
2025-02-23 14:00:00,97766.0,97800.1,97300.0,97595.7,120.368,,,,97551.28495623308,97486.66614784037,97431.58685941459,,64.6188083927118,57.874204428302484,6.744603964409315,,,,,,0,0,1,0,0.25
2025-02-23 15:00:00,97597.5,97800.1,97200.0,97573.9,239.805,,,,97554.76419373568,97493.12791466701,97437.16776688852,53.67705835331727,61.636279068668955,58.626619356375784,3.009659712293171,,,,,718.7928571428575,0,0,1,0,0.25
2025-02-23 16:00:00,97515.1,97620.0,96950.0,97404.8,159.431,,,,97531.6927793148,97486.58510617317,97435.89844269682,51.02434462401739,45.10767314163968,55.92283011342857,-10.815156971788888,,,,,716.278571428572,0,0,-1,0,-0.25
2025-02-23 17:00:00,97414.9,97887.0,96500.0,97632.7,286.957,,,,97547.23235172791,97497.40843164182,97443.61615082636,47.37304902176298,49.82392008609895,54.70304810796265,-4.8791280218637,,,,,732.0142857142865,0,0,-1,0,-0.25
2025-02-23 18:00:00,97725.2,97780.0,95583.9,96811.2,352.576,,,,97433.99660530823,97446.57817744612,97418.81551746062,38.496873803751434,-12.581572137889452,41.24612405879223,-53.827696196681686,,,,,867.6214285714294,0,0,-1,0,-0.25
2025-02-23 19:00:00,96756.3,97500.0,96750.0,96969.1,89.274,,,,97362.47405064543,97411.20942356122,97401.1796148151,41.9230672469749,-48.73537291579123,23.249824663875543,-71.98519757966677,,,,,877.9357142857158,0,0,-1,0,-0.25
2025-02-23 20:00:00,97014.4,97500.0,96721.6,97394.0,80.008,,,,97367.32419669998,97409.93465144557,97400.89806129294,45.12716900404089,-42.61045474559069,10.077768781982298,-52.68822352757299,,,,,899.4857142857155,0,0,-1,0,-0.25
2025-02-23 21:00:00,97394.0,97400.0,96600.1,96819.2,72.841,97452.275,,,97282.99739720767,97366.17652911627,97378.0863726148,45.38608654076022,-83.17913190860418,-8.573611356134997,-74.60552055246919,97452.275,98109.35186604744,96795.19813395255,0.01826412348971074,886.5500000000009,0,0,-1,0,-0.25
2025-02-23 22:00:00,96881.1,97509.9,95593.7,96562.4,210.575,97413.66,,,97172.13625917572,97306.63752695952,97346.09867172794,42.68993978756509,-134.5012677837949,-33.75914264166698,-100.74212514212792,97413.66,98181.30078880135,96646.01921119865,-0.05446506518317597,966.1071428571439,0,0,-1,1,0.0
2025-02-23 23:00:00,96562.4,97405.3,96562.4,97209.6,54.075,97384.14,,,97177.89991161022,97299.44956199956,97340.74578264057,48.00302819495031,-121.54965038933733,-51.317244191201056,-70.23240619813627,97384.14,98134.43777779785,96633.84222220215,0.38368618089722056,977.942857142859,0,0,-1,0,-0.25
2025-02-24 00:00:00,97144.5,97405.3,96426.1,96659.3,59.57,97331.47,,,97098.11530982403,97252.03107592552,97314.02241861545,36.159580399364025,-153.9157661014906,-71.83694857325897,-82.07881752823162,97331.47,98130.93769948902,96532.00230051098,0.07961403542030672,953.6000000000016,0,0,-1,0,-0.25
2025-02-24 01:00:00,96603.5,96976.0,96077.9,96720.0,48.543,97286.91,,,97039.94372369726,97212.62136659771,97290.72742180701,38.604789908804186,-172.67764290045307,-92.00508743869779,-80.67255546175528,97286.91,98119.39400370278,96454.42599629723,0.15950697101778222,984.2928571428586,0,0,-1,0,-0.25
2025-02-24 02:00:00,96720.0,96900.0,96100.0,96811.2,64.817,97237.26999999999,,,97004.75238158999,97182.88645055344,97271.92242487341,43.90559029139651,-178.1340689634526,-109.23088374364875,-68.90318521980385,97237.26999999999,98058.24836653331,96416.29163346667,0.24051082381188524,978.5714285714296,0,0,-1,0,-0.25
2025-02-24 03:00:00,96811.2,97200.0,96077.9,97012.5,80.096,97227.635,,,97005.94432288384,97170.26523199392,97261.748996447,42.69045823118994,-164.3209091100871,-120.24888881693643,-44.07202029315066,97227.635,98054.69859782186,96400.57140217813,0.3699404734009757,1017.1500000000015,0,0,-1,0,-0.25
2025-02-24 04:00:00,97110.0,97509.8,95900.2,97099.0,176.149,97222.05,,,97020.26058090171,97164.9863259203,97255.36668286084,44.21351848831525,-144.72574501858617,-125.14426005726638,-19.581484961319788,97222.05,98051.10129674316,96392.99870325685,0.42578866923953185,1096.4000000000015,0,0,-1,0,-0.25
2025-02-24 05:00:00,97099.0,97509.9,96950.0,97404.8,85.486,97222.05,,,97079.42049153222,97182.75030177805,97261.22681294473,48.152276054983815,-103.32981024583569,-120.78137009498025,17.45155984914456,97222.05,98051.10129674316,96392.99870325685,0.6102163404833421,1093.5285714285721,0,0,1,0,0.25
2025-02-24 06:00:00,97404.8,97509.9,95900.1,96624.0,105.204,97153.26,,,97009.35580052726,97141.36139053524,97236.23752616259,42.47436194001079,-132.00559000797512,-123.02621407757923,-8.97937593039589,97153.26,97937.70431663097,96368.81568336902,0.16265291953860195,1160.6571428571426,0,0,-1,0,-0.25
2025-02-24 07:00:00,96624.0,97308.0,96624.0,97102.8,58.958,97118.92000000001,,,97023.73183121538,97138.50499123633,97231.00468199934,45.12825227544368,-114.77316002095176,-121.37560326625375,6.602443245301984,97118.92000000001,97843.95489745408,96393.88510254594,0.48888329371688544,1110.4428571428568,0,0,1,0,0.25
2025-02-24 08:00:00,97102.8,97509.9,96680.0,96940.4,99.555,97098.965,,,97010.91154948993,97123.83054744104,97219.60841996016,51.351634096330045,-112.91899795111385,-119.68428220322578,6.765284252111925,97098.965,97820.39762814158,96377.53237185841,0.39010408330957613,1012.8571428571419,0,0,1,0,0.25
2025-02-24 09:00:00,96940.0,97500.0,96680.1,97368.1,138.656,97085.73500000002,,,97065.86361879918,97141.92458096393,97225.43161917741,53.951120969658525,-76.06096216474543,-110.95961819552971,34.89865603078428,97085.73500000002,97774.940318961,96396.52968103903,0.7048482449509174,1017.8499999999985,0,0,1,0,0.25
2025-02-24 10:00:00,97404.8,97500.0,96680.0,96932.3,241.516,97052.56499999999,,,97045.31536975315,97126.39683422586,97213.93626156262,45.43783719689342,-81.08146447270701,-104.98398745096517,23.902522978258162,97052.56499999999,97701.08426652376,96404.04573347622,0.4072772343028171,1020.8214285714275,0,0,1,0,0.25
2025-02-24 11:00:00,96932.3,97500.0,95601.2,95601.3,470.345,96953.935,,,96823.1591590219,97013.42669835727,97150.69562385428,39.53028557674136,-190.2675393353711,-122.04069782784637,-68.22684150752474,96953.935,97829.03671023888,96078.83328976111,-0.2728444500644102,1099.3142857142852,0,0,-1,1,0.0
2025-02-24 12:00:00,95601.3,97524.0,95601.2,96555.9,203.876,96911.49,,,96782.04236532623,96979.53583181229,97127.37030527176,49.95010822676962,-197.49346648606297,-137.1312515594897,-60.36221492657327,96911.49,97776.80835553218,96046.17164446783,0.29453226796435983,1099.7857142857142,0,0,-1,0,-0.25
2025-02-24 13:00:00,96556.0,97000.0,96555.9,96600.2,1021.559,96859.865,,,96754.0666168145,96951.43688130767,97106.69695996698,44.84537826498845,-197.37026449317636,-149.17905414622703,-48.19121034694933,96859.865,97665.12927247591,96054.6007275241,0.33877032120049916,1071.2999999999997,0,0,-1,0,-0.25
2025-02-24 14:00:00,96600.1,96920.0,95900.0,96594.8,724.283,96849.04500000001,,,96729.5640603815,96925.01933454414,97086.62256938005,49.39902726273224,-195.4552741626394,-158.43429814950952,-37.02097601312988,96849.04500000001,97662.83274285492,96035.2572571451,0.343789119317481,1074.2142857142858,0,0,-1,0,-0.25
2025-02-24 15:00:00,96759.4,96999.8,96200.0,96513.8,167.133,96826.28,,,96696.36958955358,96894.55864309642,97064.15893920828,48.085991163257006,-198.18905354283925,-166.38524922817547,-31.80380431466378,96826.28,97651.3223825795,96001.2376174205,0.3106279103971452,1067.1928571428568,0,0,-1,0,-0.25
2025-02-24 16:00:00,96514.5,96819.2,94956.0,96573.4,1360.598,96785.25,,,96677.45119116073,96870.76911397817,97044.91349061189,47.77964519140988,-193.31792281744129,-171.77178394602865,-21.546138871412637,96785.25,97572.15252322155,95998.34747677845,0.36538993474522125,1143.135714285714,0,0,-1,0,-0.25
2025-02-24 17:00:00,96573.4,96778.3,95200.0,96491.7,179.941,96768.875,,,96648.8740848283,96842.68992035015,97023.21884392122,45.02616801008517,-193.81583552184748,-176.18059426119243,-17.63524126065505,96768.875,97566.36186806533,95971.38813193467,0.3262197090013421,1175.7214285714279,0,0,-1,0,-0.25
2025-02-24 18:00:00,96480.5,96600.0,94000.0,94482.9,644.297,96664.9,,,96315.64730254703,96667.89066699088,96923.59849710079,31.72527487880184,-352.24336444384244,-211.39314829772243,-140.85021614612,96664.9,97961.67851535814,95368.12148464184,-0.34131560407498185,1246.4642857142846,0,0,-1,1,0.0
2025-02-24 19:00:00,94482.9,96100.0,94100.1,95806.0,152.946,96594.72,,,96237.24002523211,96604.04691388043,96879.77110505762,40.22140672782875,-366.80688864832337,-242.47589636784264,-124.33099228048073,96594.72,97919.00891997882,95270.43108002118,0.2022099980974634,1349.3214285714275,0,0,-1,0,-0.25
2025-02-24 20:00:00,95806.0,95809.2,94700.0,95078.8,68.473,96515.69499999999,,,96059.01848288871,96491.06566100041,96809.14478721222,40.48686187110599,-432.04717811169394,-280.39015271661293,-151.657025395081,96515.69499999999,98002.42325460886,95028.96674539112,0.016759368921117627,1313.5642857142852,0,0,-1,0,-0.25
2025-02-24 21:00:00,94985.1,95809.2,94648.1,95275.2,66.459,96443.45499999999,,,95938.43102398276,96401.00153796334,96748.9900896745,38.34290088021427,-462.57051398057956,-316.82622496940627,-145.7442890111733,96443.45499999999,98025.72048105113,94861.18951894884,0.13082838689500942,1347.6428571428562,0,0,-1,0,-0.25
2025-02-24 22:00:00,95275.2,95749.9,94592.5,95417.5,73.316,96373.76999999999,,,95858.28778952388,96328.14957218828,96696.7747920402,40.26141784650017,-469.861782664404,-347.43333650840583,-122.42844615599819,96373.76999999999,98009.69282291249,94737.84717708749,0.20772765481152006,1371.0357142857133,0,0,-1,0,-0.25
2025-02-24 23:00:00,95417.5,95700.0,91608.0,94717.0,1316.623,96258.995,,,95682.70505267405,96208.8051594336,96619.13656490138,33.6183991003126,-526.1001067595498,-383.1666905586346,-142.9334162009152,96258.995,98023.29604541196,94494.69395458803,0.06300116581296392,1604.7571428571423,0,0,-1,0,-0.25
2025-02-25 00:00:00,94638.5,95261.4,91524.0,93119.8,1068.132,96060.035,,,95288.41196764728,95979.98996243851,96481.90768000328,29.398796079151793,-691.5779947912379,-444.84895140515533,-246.72904338608254,96060.035,98267.33564083991,93852.7343591601,-0.16602504108393681,1813.1428571428562,0,1,-1,1,0.25
2025-02-25 01:00:00,93306.0,93990.0,92706.0,93026.4,119.251,95841.11499999999,,,94940.41012647077,95761.2055207764,96346.39757490512,33.937995134426956,-820.7953943056345,-520.0382399852512,-300.7571543203834,95841.11499999999,98336.53672980411,93345.69327019587,-0.06397581346318992,1769.2285714285701,0,0,-1,1,0.0
2025-02-25 02:00:00,93026.4,93990.0,92700.0,92923.3,185.446,95656.07999999999,,,94630.08549162911,95550.99029701519,96212.15845432061,24.646845337800116,-920.9048053860752,-600.211553065416,-320.6932523206592,95656.07999999999,98439.29442606804,92872.86557393194,0.009060463612808474,1724.0285714285699,0,1,-1,0,0.0
2025-02-25 03:00:00,92923.3,95000.0,92200.1,93471.4,333.669,95474.51,96554.826,,94451.82618522464,95396.94657131036,96104.67773062177,29.597798586295852,-945.1203860857204,-669.1933196694769,-275.9270664162435,95474.51,98333.11903672427,92615.90096327572,0.14963554402399187,1892.2999999999977,-1,1,-1,0,-0.25
2025-02-25 04:00:00,93473.2,93900.0,92210.0,92839.6,165.972,95269.47,96464.924,,94203.79138749777,95207.51349195403,95976.63546667583,27.362494273106435,-1003.7221044562611,-736.0990766268337,-267.62302782942743,95269.47,98270.11575162354,92268.82424837646,0.0951088197123432,1940.1571428571406,-1,1,-1,0,-0.25
2025-02-25 05:00:00,92933.0,93900.0,92550.6,93119.8,193.889,95057.055,96371.32,,94037.02348172889,95052.86804810558,95864.60270327677,30.019780064520603,-1015.8445663766906,-792.0481745768051,-223.79639179988555,95057.055,98033.55370218429,92080.5562978157,0.1745748623074588,1979.4142857142829,-1,0,-1,0,-0.5
2025-02-25 06:00:00,93349.2,93900.0,92200.1,93593.4,147.963,94890.11000000002,96288.93399999998,,93968.77371530906,94944.75930380146,95775.53593059926,33.27233536160938,-975.9855884924036,-828.8356573599249,-147.14993113247874,94890.11000000002,97797.49319593403,91982.726804066,0.2769970601375365,1967.7499999999968,-1,0,-1,0,-0.5
2025-02-25 07:00:00,93773.6,93900.0,90652.9,93400.0,838.928,94780.045,96204.71,,93881.27006679997,94830.33268870505,95682.37765881106,32.86026321916815,-949.0626219050755,-852.881050268955,-96.18157163612045,94780.045,97740.25539399844,91819.83460600156,0.2669008590068604,2086.949999999997,-1,0,-1,0,-0.5
2025-02-25 08:00:00,93400.0,93900.0,90004.5,91500.0,1019.65,94527.25,96078.63,,93514.92082575383,94583.6413784306,95518.3628486616,33.26150634658761,-1068.7205526767793,-896.0489507505199,-172.67160192625943,94527.25,97704.48628563195,91350.01371436805,0.023603262733435652,2179.4857142857113,-1,0,-1,0,-0.5
2025-02-25 09:00:00,91535.8,95000.0,91237.2,92788.9,254.519,94336.685,95990.304,,93403.22531409939,94450.69757262093,95411.32508989057,33.00436002298292,-1047.4722585215495,-926.3336123047259,-121.13864621682364,94336.685,97446.90188549875,91226.46811450124,0.25117732026720047,2305.4071428571406,-1,0,-1,0,-0.5
2025-02-25 10:00:00,92817.8,93300.1,89520.0,91507.5,2961.397,94082.31999999999,95876.24,,93111.57526577641,94232.68293761197,95258.23390989486,31.064759339575488,-1121.1076718355616,-965.288424210893,-155.8192476246686,94082.31999999999,97246.59613579762,90918.04386420237,0.09314233500816907,2496.1857142857125,-1,0,-1,0,-0.5
2025-02-25 11:00:00,91224.9,91999.0,89900.0,90192.7,622.875,93766.265,95731.998,,92662.51753258004,93933.42494223331,95059.58552127154,25.909353759230896,-1270.9074096532713,-1026.4122212993686,-244.49518835390268,93766.265,97162.21583795229,90370.31416204771,-0.0261508735731305,2563.17857142857,-1,1,-1,1,0.0
2025-02-25 12:00:00,90192.7,91900.1,90000.0,91483.9,1268.594,93511.79,95601.68,,92481.19175833695,93751.97865021603,94919.36255965305,33.18629462453826,-1270.7868918790773,-1075.2871554153105,-195.4997364637668,93511.79,96782.49964512844,90241.08035487155,0.189992353338298,2616.2285714285713,-1,0,-1,0,-0.5
2025-02-25 13:00:00,91474.7,91499.9,90199.9,90598.5,313.235,93217.12999999999,95457.858,,92191.54687243896,93518.38763908892,94749.91696907842,32.6698926993477,-1326.8407666499552,-1125.5978776622396,-201.24288898771556,93217.12999999999,96418.5845122654,90015.67548773458,0.09102495600554408,2416.7999999999997,-1,0,-1,0,-0.5
2025-02-25 14:00:00,90598.5,91999.0,86300.0,88706.9,1653.155,92928.33,95285.20599999999,,91655.4473536022,93161.98114730456,94512.9359114675,31.8800351485188,-1506.5337937023578,-1201.7850608702634,-304.74873283209445,92928.33,96649.00111608976,89207.65888391025,-0.06729416122601654,2556.914285714286,-1,0,-1,1,-0.25
2025-02-25 15:00:00,88560.1,91364.0,87500.2,89918.0,673.062,92633.93000000001,95130.912,,91388.14776074032,92921.68624750421,94332.74234631192,38.309539211409124,-1533.5384867638932,-1268.1357460489894,-265.40274071490376,92633.93000000001,96327.56020010899,88940.29979989103,0.13234949726154566,2741.1857142857148,-1,0,-1,0,-0.5
2025-02-25 16:00:00,89900.0,90000.0,89210.4,90000.0,222.032,92379.99,94978.998,,91174.58656678027,92705.26504398539,94162.83088175068,38.98820959053749,-1530.6784772051178,-1320.6442922802153,-210.03418492490255,92379.99,96064.21759791824,88695.76240208177,0.17700285382140662,2705.442857142858,-1,0,-1,0,-0.5
2025-02-25 17:00:00,89666.0,90000.0,89200.0,89714.5,246.804,92101.955,94821.81,,90949.95786419869,92483.72689257907,93988.38653344673,35.56248991230429,-1533.7690283803822,-1363.2692395002487,-170.49978888013356,92101.955,95704.60924051989,88499.30075948012,0.16865332604670422,2562.5928571428585,-1,0,-1,0,-0.5
2025-02-25 18:00:00,89624.4,90000.0,89164.0,89686.0,133.762,91815.38,94667.43400000001,,90755.50280816812,92276.48786349913,93819.6654929194,37.29165995035297,-1520.9850553310098,-1394.8124026664009,-126.1726526646089,91815.38,95213.5932702192,88417.16672978082,0.18669123585309033,2501.5928571428585,-1,0,-1,0,-0.5
2025-02-25 19:00:00,89686.0,90000.0,89164.0,89817.6,270.697,91570.41,94511.132,,90611.21006844995,92094.34802175846,93662.72174809904,36.53152785708459,-1483.1379533085128,-1412.4775127948233,-70.66044051368954,91570.41,94789.55745425081,88351.2625457492,0.22775245233245625,2464.92142857143,-1,0,-1,0,-0.5
2025-02-25 20:00:00,89718.3,91364.0,89164.0,90500.0,180.767,91439.42,94384.908,,90594.10082714996,91976.24816829487,93538.69344425201,37.59444328590451,-1382.1473411449115,-1406.411478464841,24.264137319929432,91439.42,94605.88323279309,88272.95676720691,0.3516609966806167,2500.642857142859,-1,0,1,0,0.0
2025-02-25 21:00:00,90500.0,91985.0,89164.0,90634.5,137.754,91319.825,94258.216,,90600.3160845115,91876.85941508785,93424.80350526173,38.85678827293312,-1276.5433305763436,-1380.4378488871414,103.89451831079782,91319.825,94413.76325262422,88225.88674737577,0.38924714327787313,2470.2071428571444,-1,0,1,0,0.0
2025-02-25 22:00:00,90727.0,91900.1,89199.9,91513.7,62.302,91249.345,94140.61,,90740.83668689436,91849.95871767393,93349.85826976127,50.06015050798639,-1109.1220307795738,-1326.1746852656279,217.05265448605405,91249.345,94252.37024340458,88246.31975659542,0.5440147815241626,2384.828571428574,-1,0,1,0,0.0
2025-02-25 23:00:00,91483.9,91800.0,89000.1,89864.2,442.892,91068.985,94001.51,,90605.96950429522,91702.86547932771,93213.16578859417,37.55309098027868,-1096.8959750324866,-1280.3189432189997,183.42296818651312,91068.985,93940.50638533215,88197.46361466785,0.2902183479889622,2316.050000000002,-1,0,1,0,0.0
2025-02-26 00:00:00,89640.9,91600.0,89200.0,90325.1,273.426,90943.26,93876.76399999998,,90562.75881132673,91600.80877715528,93099.90830668852,44.59014293296246,-1038.0499658285553,-1231.865147740911,193.81518191235568,90943.26,93706.51203025991,88180.00796974008,0.3881462868332998,2217.47142857143,-1,0,1,0,0.0
2025-02-26 01:00:00,90325.1,91400.0,89201.2,90400.0,146.117,90807.26999999999,93740.57199999999,,90537.71899419953,91511.85997884748,92994.02954956348,51.069847135204334,-974.140984647951,-1180.320315122319,206.17933047436804,90807.26999999999,93380.69114793326,88233.84885206672,0.4208699282806722,2224.6000000000017,-1,0,1,0,0.0
2025-02-26 02:00:00,90429.9,91700.0,89000.0,91011.0,267.672,90678.15,93627.606,,90610.53145663037,91474.7592396736,92916.26368487472,47.37514015164133,-864.2277830432286,-1117.101808706501,252.8740256632725,90678.15,92897.79454100643,88458.50545899356,0.574978221478896,2281.7357142857154,-1,0,1,0,0.0
2025-02-26 03:00:00,90978.8,91600.0,89600.0,91600.0,69.035,90588.15,93525.20599999999,,90762.75738637954,91484.03633303111,92864.64550115414,55.74801703456271,-721.2789466515678,-1037.9372362955144,316.65828964394655,90588.15,92462.16870293386,88714.13129706612,0.7699679566740459,2331.7357142857154,-1,0,1,0,0.0
2025-02-26 04:00:00,91273.0,91600.0,89600.0,90867.7,127.282,90556.535,93406.336,,90778.90240385961,91438.38178984362,92786.33391287358,64.30538636724751,-659.4793859840138,-962.2456662332143,302.76628024920046,90556.535,92386.60152657295,88726.46847342706,0.5850146689974962,2067.5214285714296,-1,0,1,0,0.0
2025-02-26 05:00:00,90794.9,91400.0,89526.9,90390.2,121.528,90436.6,93273.89,,90719.10203403505,91360.73869429965,92692.36787707462,53.462486067929824,-641.6366602646012,-898.1238650394916,256.4872047748904,90436.6,91935.01722388681,88938.1827761132,0.4845169959139785,1925.3285714285728,-1,0,1,0,0.0
2025-02-26 06:00:00,90444.5,91499.9,89700.0,90727.0,234.116,90397.575,93146.45,,90720.31710572196,91313.79508731449,92615.29462699326,55.13882605745306,-593.4779815925285,-837.1946883500991,243.7167067575706,90397.575,91817.13784431013,88978.01215568987,0.6160304389905664,1997.4928571428577,-1,0,1,0,0.0
2025-02-26 07:00:00,90727.0,91499.9,89955.0,91118.1,162.03,90443.845,93020.716,,90781.51447407242,91299.29915492082,92556.58111220921,59.77546244706934,-517.7846808484028,-773.3126868497599,255.52800600135708,90443.845,91895.25940485827,88992.43059514173,0.7322751509641543,2050.7000000000003,-1,0,1,0,0.0
2025-02-26 08:00:00,91182.0,91400.0,90000.0,90636.0,172.469,90401.45,92900.95599999999,,90759.12763190744,91250.16588418595,92481.26420584807,56.22314222827795,-491.03825227850757,-716.8577999355094,225.81954765700186,90401.45,91772.24541642169,89030.6545835783,0.5855525183372254,2090.9857142857145,-1,0,1,0,0.0
2025-02-26 09:00:00,90636.0,91400.0,89800.0,90814.5,289.65,90412.25,92775.19,,90767.64645776783,91217.8943372092,92415.90090365795,56.49048790968393,-450.2478794413764,-663.5358158366829,213.28793639530647,90412.25,91792.94998646705,89031.55001353295,0.6456688650476783,2145.557142857143,-1,0,1,0,0.0
2025-02-26 10:00:00,91091.0,91400.0,89800.0,91273.0,138.851,90540.555,92661.84199999999,,90845.39315657277,91221.97623815667,92371.08126037725,55.18388368786715,-376.5830815838999,-606.1452689861263,229.5621874022264,90540.555,91715.60327488674,89365.50672511324,0.8116659186068754,2102.7000000000003,-1,0,1,0,0.0
2025-02-26 11:00:00,91273.0,91400.0,90100.0,91091.0,204.019,90599.20499999999,92536.3,,90883.17882479234,91212.27429458952,92320.88199526443,53.04199485559686,-329.0954697971756,-550.7353091483362,221.63983935116062,90599.20499999999,91760.43176959308,89437.9782304069,0.711756658078225,1994.0571428571432,-1,0,1,0,0.0
2025-02-26 12:00:00,90727.0,91200.0,89548.8,90636.2,331.084,90631.015,92410.37799999998,,90845.18208251659,91169.60212461992,92254.81603466583,43.80200313608048,-324.42004210333107,-505.47225573933525,181.05221363600418,90631.015,91757.46359956957,89504.56640043043,0.5023014809561568,1919.1285714285707,-1,0,1,0,0.0
2025-02-26 13:00:00,90636.2,90727.0,89554.0,90071.2,160.785,90648.85,92299.776,,90726.10791597558,91088.23900427771,92169.18403330639,51.72661150407046,-362.13108830213605,-476.80402225189545,114.6729339497594,90648.85,91724.34175728993,89573.35824271008,0.23144842994631748,1802.9214285714281,-1,0,1,0,0.0
2025-02-26 14:00:00,90071.2,90999.9,89500.1,89724.5,582.389,90650.775,92163.148,,90572.01439044088,90987.22130025714,92073.31407121595,44.8930308492908,-415.20690981626103,-464.4845997647686,49.27768994850754,90650.775,91719.12450495399,89582.425495046,0.06649252154617537,1738.6214285714273,-1,0,1,0,0.0
2025-02-26 15:00:00,89600.5,91067.0,89600.0,89603.2,385.103,90640.05500000001,92023.20800000001,,90422.96602268075,90884.70120394179,91976.4468527369,43.27776465427058,-461.7351812610432,-463.9347160640235,2.199534802980338,90640.05500000001,91747.20355081762,89532.9064491824,0.03174531130700158,1686.3499999999985,-1,0,1,0,0.0
2025-02-26 16:00:00,89603.2,89900.0,89544.1,89900.0,368.238,90610.05500000001,91889.312,,90342.5097114991,90811.76037402017,91895.01756439428,40.10227353716774,-469.2506625210808,-464.997905355435,-4.252757165645789,90610.05500000001,91764.68057973008,89455.42942026994,0.19251720537578695,1518.9142857142838,-1,0,-1,0,-0.5
2025-02-26 17:00:00,89550.1,91000.0,89544.1,89999.9,223.852,90578.325,91759.03399999999,,90289.80052511461,90751.6225685372,91820.69922853568,34.384088380535985,-461.822043422595,-464.362732968867,2.540689546272006,90578.325,91764.56779022761,89392.08220977239,0.2561945139877235,1480.0499999999977,-1,0,1,0,0.0
2025-02-26 18:00:00,89545.8,90093.2,89544.1,90003.4,318.238,90502.81,91627.634,,90245.73890586621,90696.19867457148,91749.43259212252,40.166116736830126,-450.45976870527375,-461.58214011614837,11.12237141087462,90502.81,91629.1107785614,89376.5092214386,0.27829634432203443,1376.4142857142829,-1,0,1,0,0.0
2025-02-26 19:00:00,89651.0,90092.0,86300.0,88928.6,2136.761,90456.03,91476.37199999999,,90043.10215111756,90565.26543941804,91638.81170615694,35.35999038423023,-522.1632883004786,-473.69836975301445,-48.46491854746415,90456.03,91758.02651402177,89154.03348597823,-0.08657223101230813,1513.478571428568,-1,0,-1,1,-0.25
2025-02-26 20:00:00,88750.7,89700.0,87000.0,87954.6,179.761,90337.505,91345.806,,89721.7941278687,90371.88281427596,91494.3328157194,25.373956297743888,-650.0886864072527,-508.9764330838621,-141.11225332339058,90337.505,92054.98306234318,88620.02693765683,-0.19372210692140596,1577.7714285714258,-1,1,-1,1,0.0
2025-02-26 21:00:00,87954.6,88928.4,87199.9,87428.0,91.836,90188.905,91178.246,,89368.90272358121,90153.81742062588,91334.86878373042,17.99288750108417,-784.9146970446745,-564.1640858760246,-220.75061116864993,90188.905,92342.52600313781,88035.28399686218,-0.140991380557994,1590.8857142857119,-1,1,-1,1,0.0
2025-02-26 22:00:00,87428.0,88900.0,87000.3,87969.0,92.585,90036.80500000001,91036.05,,89153.53307379948,89991.97909317212,91202.87392946648,27.10100628498813,-838.4460193726409,-619.0204725753479,-219.425546797293,90036.80500000001,92368.29858451402,87705.311415486,0.056549283743572966,1626.5785714285687,-1,1,-1,0,-0.25
2025-02-26 23:00:00,87969.0,88899.9,87000.3,87000.4,126.985,89806.825,90870.55399999999,,88822.28183167648,89770.38064182604,91038.07103027172,21.16428517426472,-948.0988101495604,-684.8361400901904,-263.26267005937007,89806.825,92383.59191744527,87230.05808255472,-0.04456322397650572,1647.978571428568,-1,1,-1,1,0.0
2025-02-27 00:00:00,87100.0,88399.9,87000.0,87100.6,119.828,89618.47,90704.216,,88557.40770372625,89572.61911280188,90883.66040163362,16.64854840772489,-1015.2114090756368,-750.9111938872796,-264.30021518835713,89618.47,92410.46429429336,86826.47570570665,0.04909112723719594,1633.6857142857104,-1,1,-1,0,-0.25
2025-02-27 01:00:00,87162.0,88900.0,86900.0,88152.2,234.175,89506.56999999999,90572.92,,88495.06805699914,89467.40288222396,90776.54430745191,29.376263193352784,-972.3348252248252,-795.1959201547887,-177.13890507003646,89506.56999999999,92347.3001130442,86665.83988695579,0.26161586174960244,1683.6857142857104,-1,1,-1,0,-0.25
2025-02-27 02:00:00,88152.2,89630.0,88000.0,89004.2,123.048,89420.43,90490.608,,88573.39604823005,89433.09155761478,90707.04060912046,39.15182132411592,-859.6955093847355,-808.0958380007781,-51.59967138395734,89420.43,92209.34887077908,86631.5111292209,0.4253778938568189,1682.171428571425,-1,0,-1,0,-0.5
2025-02-27 03:00:00,89004.2,89620.0,88000.0,88000.1,103.32,89264.53,90390.08200000001,,88485.19665619466,89326.9440348285,90600.88607542947,36.992375425506566,-841.7473786338378,-814.8261461273901,-26.921232506447723,89264.53,92001.98878707708,86527.07121292292,0.26905040434415295,1714.0999999999965,-1,0,-1,0,-0.5
2025-02-27 04:00:00,88029.4,89610.0,88000.1,88826.4,113.071,89174.05,90308.14399999999,,88537.68947831856,89289.86669891527,90531.29838619694,44.67994360657287,-752.1772205967136,-802.2963610212548,50.11914042454123,89174.05,91839.31500035239,86508.78499964761,0.4347813444527947,1721.9642857142826,-1,0,1,0,0.0
2025-02-27 05:00:00,88915.1,89610.0,88000.0,88915.1,84.484,89079.08,90217.01800000001,,88595.75263550032,89262.10620269933,90467.91805732647,45.90811241540899,-666.3535671990103,-775.1078022568059,108.75423505779565,89079.08,91631.18423446556,86526.97576553444,0.46787356923250134,1732.1785714285684,-1,0,1,0,0.0
2025-02-27 06:00:00,88559.7,89600.0,88500.0,89450.7,87.328,88987.965,90149.24,,88727.2829992695,89276.07611361048,90428.0271531176,47.40195908360219,-548.7931143409805,-729.8448646736409,181.0517503326604,88987.965,91331.90000473437,86644.02999526562,0.5987090083695472,1785.3285714285687,-1,0,1,0,0.0
2025-02-27 07:00:00,89450.7,89630.0,88000.0,89630.0,807.797,88914.91500000001,90079.444,,88866.16253784343,89302.29269778749,90396.7319706424,47.88054501908029,-436.13015994406305,-671.1019237277254,234.97176378366237,88914.91500000001,91066.01632798556,86763.81367201445,0.6662136949795965,1797.7642857142835,-1,0,1,0,0.0
2025-02-27 08:00:00,89181.7,89630.0,88000.0,88714.0,311.921,88818.805,89981.85600000001,,88842.75291663675,89258.71546091435,90330.74248159761,43.31140805909452,-415.9625442776014,-620.0740478377006,204.1115035600992,88818.805,90812.06614852232,86825.54385147766,0.4737101683646199,1874.971428571427,-1,0,1,0,0.0
2025-02-27 09:00:00,88536.6,89630.0,88000.0,88803.0,247.454,88755.39499999999,89889.91600000001,,88836.63708330801,89224.95876010587,90270.83101173105,49.27424014792554,-388.32167679785925,-573.7235736297324,185.40189683187316,88755.39499999999,90659.60184024059,86851.18815975939,0.512499955097839,1720.5428571428554,-1,0,1,0,0.0
2025-02-27 10:00:00,88803.0,89630.0,88000.0,88803.0,135.491,88709.31999999999,89835.97600000001,,88831.46214741447,89193.70255565358,90213.26901127101,55.52415679124883,-362.2404082391149,-531.4269405516089,169.18653231249402,88709.31999999999,90558.59645321597,86860.04354678401,0.5253288251837884,1644.114285714284,-1,0,1,0,0.0
2025-02-27 11:00:00,88803.0,89630.0,88099.9,88676.7,176.483,88662.995,89753.73199999999,,88807.65258627378,89155.40607004962,90153.01140298588,58.5777680080234,-347.75348377584305,-494.6922491964558,146.93876542061275,88662.995,90463.77165405444,86862.21834594556,0.5038053025535246,1629.942857142856,-1,0,1,0,0.0
2025-02-27 12:00:00,88676.7,89630.0,88099.9,88605.3,254.441,88598.26,89695.68800000001,,88776.52141915473,89114.65747226817,90092.31683816291,54.672423668326246,-338.13605311344145,-463.38100997985293,125.24495686641148,88598.26,90302.28734027922,86894.23265972077,0.5020656945559496,1603.5428571428565,-1,0,1,0,0.0
2025-02-27 13:00:00,88562.0,89664.5,88000.1,88536.0,249.626,88525.065,89662.554,,88739.51812390015,89071.79395580386,90031.28480529378,62.99197942400766,-332.27583190370933,-437.15997436462425,104.88414246091492,88525.065,90096.16920743807,86953.96079256193,0.503480036508154,1586.7428571428568,-1,0,1,0,0.0
2025-02-27 14:00:00,88536.0,89400.0,88139.3,88269.0,198.148,88438.345,89598.25600000001,,88667.13072022321,89012.32773685543,89962.17559724304,59.61392884178652,-345.1970166322135,-418.7673828181421,73.5703661859286,88438.345,89849.1631866145,87027.5268133855,0.43998340764008254,1576.7999999999997,-1,0,1,0,0.0
2025-02-27 15:00:00,88150.9,89299.9,88000.3,88714.0,197.538,88427.615,89560.56600000002,,88674.34137865041,88990.22938597725,89913.22753460606,55.1352833638026,-315.8880073268374,-398.1915077198812,82.3035003930438,88427.615,89825.94263614184,87029.28736385817,0.6024026818171765,1526.7714285714278,-1,0,1,0,0.0
2025-02-27 16:00:00,88714.0,89499.9,88200.0,89337.0,178.573,88496.735,89573.168,,88776.28885885804,89015.91609812708,89890.63037638622,53.17496660942572,-239.62723926904437,-366.4786540297139,126.85141476066951,88496.735,89932.77174234556,87060.69825765444,0.7925638931172285,1503.192857142856,-1,0,1,0,0.0
2025-02-27 17:00:00,89412.5,89500.0,88200.0,89342.2,105.626,88592.44499999999,89561.65199999999,,88863.35211134142,89040.0852760436,89869.12330280246,65.81881615237728,-176.73316470217833,-328.5295561642068,151.79639146202845,88592.44499999999,89983.00457910859,87201.8854208914,0.7695875139994462,1480.335714285713,-1,0,1,0,0.0
2025-02-27 18:00:00,89342.2,89664.5,88000.9,89289.1,105.9,88658.45,89547.43400000001,,88928.85178651966,89058.53081115148,89846.37729092785,56.66926114906761,-129.67902463181235,-288.75944985772793,159.08042522591558,88658.45,90049.72938470813,87267.17061529186,0.7266439102496686,1484.1714285714281,-1,0,1,0,0.0
2025-02-27 19:00:00,89249.1,89999.8,88000.2,88600.5,203.008,88738.455,89525.15400000001,,88878.3361270551,89024.60260291804,89797.5193579503,46.1339952811639,-146.26647586293984,-260.26085505877035,113.9943791958305,88738.455,89891.9932136796,87584.9167863204,0.44020354143277657,1512.0,-1,0,1,0,0.0
2025-02-27 20:00:00,88572.8,89977.5,88000.2,88988.0,124.952,88832.825,89511.194,,88895.20749212355,89021.89129899818,89765.77350077577,44.09926798785935,-126.68380687462923,-233.54544542194213,106.86163854731291,88832.825,89693.93557025715,87971.71442974285,0.5901016694950472,1574.6642857142858,-1,0,1,0,0.0
2025-02-27 21:00:00,88988.0,89999.7,88000.2,89135.6,119.08,88881.99500000001,89497.554,,88932.19095487377,89030.31416573905,89741.06081447084,43.64361018256629,-98.12321086527663,-206.46099851060904,108.33778764533241,88881.99500000001,89690.14398958455,88073.84601041547,0.6569048549639157,1601.0571428571432,-1,0,1,0,0.0
2025-02-27 22:00:00,89095.6,89999.7,88000.3,88625.0,104.672,88863.035,89460.054,,88884.93080797011,89000.29089420283,89697.29372370728,48.7225858307498,-115.36008623271482,-188.24081605503022,72.8807298223154,88863.035,89676.88491316335,88049.18508683666,0.3537598910130812,1627.4428571428568,-1,0,1,0,0.0
2025-02-27 23:00:00,88590.5,89700.1,88099.9,88536.0,64.814,88889.83,89418.084,,88831.24914520548,88965.89897611373,89651.75279336581,46.1677574922494,-134.64983090825262,-177.52261902567471,42.87278811742209,88889.83,89614.45057178273,88165.20942821728,0.2558515354252899,1625.3142857142864,-1,0,1,0,0.0
2025-02-28 00:00:00,88491.2,89699.9,86300.0,88358.0,867.865,88866.41,89354.97,,88758.44158440465,88920.86942232754,89601.01738970442,43.92342145510161,-162.42783792289265,-174.50366280511832,12.075824882225675,88866.41,89628.94814096027,88103.87185903973,0.166633068767053,1751.7357142857145,-1,0,1,0,0.0
2025-02-28 01:00:00,88358.0,88600.0,86300.0,87160.1,991.48,88778.66,89300.888,,88512.54287911163,88790.44205771068,89505.29513912777,33.979126172568314,-277.8991785990511,-195.1827659639049,-82.71641263514618,88778.66,89856.38448661554,87700.93551338447,-0.25091547983793505,1806.7285714285713,-1,0,-1,1,-0.25
2025-02-28 02:00:00,87160.1,87208.0,85000.0,86491.2,4640.311,88630.685,89224.21,,88201.56705155599,88620.1278312136,89387.09532975021,30.170521695086933,-418.5607796576078,-239.8583687026455,-178.7024109549623,88630.685,90071.44366750753,87189.92633249247,-0.2424855557875102,1855.1499999999994,-1,0,-1,1,-0.25
2025-02-28 03:00:00,86491.2,86600.0,85000.1,86067.5,166.194,88452.56,89137.56,,87873.2490436243,88431.04428816075,89256.9151207404,28.289739846264823,-557.7952445364499,-303.4457438694064,-254.34950066704351,88452.56,90217.52297071583,86687.59702928417,-0.17566856630217817,1850.5428571428565,-1,1,-1,1,0.0
2025-02-28 04:00:00,86067.5,86577.4,83666.1,84000.0,3823.699,88216.86,88997.34,,87277.3645753744,88102.81878533402,89050.76158659373,21.485251683231837,-825.4542099596147,-407.8474370874481,-417.6067728721666,88216.86,90870.26090600686,85563.45909399314,-0.294614185601151,1968.442857142856,-1,1,-1,1,0.0
2025-02-28 05:00:00,83800.0,85900.0,82000.9,83036.7,1257.221,87928.54500000001,88826.07400000001,,86624.95464070141,87727.55072716113,88814.91603417828,14.534164594760071,-1102.5960864597146,-546.7971669619014,-555.7989194978131,87928.54500000001,91431.04138760071,84426.04861239932,-0.19833690868573062,2154.121428571428,-1,1,-1,1,0.0
2025-02-28 06:00:00,83000.0,84700.0,82000.0,83611.3,1270.801,87668.95999999999,88680.946,,86161.31546520889,87422.64326588993,88610.85266028895,14.014204009804615,-1261.3278006810433,-689.7032937057298,-571.6245069753135,87668.95999999999,91637.16998722784,83700.75001277214,-0.011270826526323673,2254.128571428572,-1,1,-1,1,0.0
2025-02-28 07:00:00,83704.8,84142.9,82006.0,82010.0,242.596,87335.625,88513.34199999999,,85522.65154748443,87021.70672767586,88351.99569321879,11.617948825327787,-1499.0551801914262,-851.5736710028691,-647.4815091885571,87335.625,92005.41196273892,82665.83803726108,-0.07022140865248631,2313.907142857143,-1,1,-1,1,0.0
2025-02-28 08:00:00,82006.0,83700.0,82006.0,83221.2,356.515,87066.42000000001,88363.226,,85168.58207864067,86740.18771081098,88150.78801897493,21.671008524982057,-1571.6056321703072,-995.5800632363568,-576.0255689339505,87066.42000000001,92038.97236064603,82093.867639354,0.11335550426456885,2316.0785714285707,-1,1,-1,0,-0.25
2025-02-28 09:00:00,83150.6,83700.0,80000.0,80000.0,5304.556,86639.62000000001,88140.864,,84373.41560500364,86240.9145470472,87831.14927313277,17.52641157502856,-1867.4989420435595,-1169.9638389977974,-697.5351030457621,86639.62000000001,92472.03896358062,80807.2010364194,-0.06919950722503021,2437.5357142857133,-1,1,-1,1,0.0
2025-02-28 10:00:00,80131.4,80440.3,79561.8,79763.3,16426.465,86214.33499999999,87923.41,,83664.1670503877,85761.09124726593,87514.76302712757,14.768361150364782,-2096.92419687823,-1355.3559105738839,-741.568286304346,86214.33499999999,92745.11762458464,79683.55237541534,0.0061055182180202085,2359.049999999999,-1,1,-1,0,-0.25
2025-02-28 11:00:00,79816.5,80268.7,79754.6,80268.5,33500.121,85792.06,87712.49,,83141.75673494344,85354.23263635734,87230.59584959316,17.034597110587313,-2212.475901413898,-1526.7799087418869,-685.6959926720112,85792.06,92722.25530746262,78861.86469253738,0.10148597875358008,2252.949999999998,-1,1,-1,0,-0.25
2025-02-28 12:00:00,80152.4,80303.9,80104.7,80303.9,18959.365,85340.405,87493.10800000001,,82705.16339110599,84980.13392255308,86958.96071823656,17.931385319757325,-2274.970531447092,-1676.418033282928,-598.552498164164,85340.405,92472.31386161756,78208.49613838244,0.1469034379347287,2124.364285714284,-1,1,-1,0,-0.25
2025-02-28 13:00:00,80303.9,80649.7,80097.5,80623.2,53470.163,84904.455,87283.75200000001,,82384.86133093583,84657.39807643804,86710.49951359983,20.03680647066841,-2272.536745502206,-1795.6417757267836,-476.8949697754224,84904.455,92072.23672819532,77736.67327180468,0.20135425698307877,2049.50714285714,-1,1,-1,0,-0.25
2025-02-28 14:00:00,80619.7,81900.9,80042.0,81411.4,136358.513,84510.56999999999,87099.256,,82235.0980492534,84416.95377447967,86502.6916895371,24.85739518183921,-2181.855725226269,-1872.8845656266808,-308.9711595995882,84510.56999999999,91528.06114535643,77493.07885464355,0.2791824787658794,1939.4357142857116,-1,1,-1,0,-0.25
2025-02-28 15:00:00,81411.4,83993.6,81367.6,83952.4,1222643.052,84278.16500000001,86976.88,,82499.29834936826,84382.54238377747,86402.68025073172,39.41876958601348,-1883.2440344092174,-1874.9564593831883,-8.287575026029117,84278.16500000001,91028.11079386409,77528.21920613592,0.47586906547485575,1962.7214285714258,-1,0,-1,0,-0.5
2025-02-28 16:00:00,83849.0,83976.7,83550.1,83952.9,1539511.459,84026.41,86861.448,,82722.92937254236,84350.71702201618,86306.61043697754,41.24065676957159,-1627.7876494738157,-1825.522697401314,197.73504792749827,84026.41,90401.92300784975,77650.89699215026,0.49423497372607494,1835.478571428568,-1,0,1,0,0.0
2025-02-28 17:00:00,83976.7,84001.8,83739.1,83739.1,1075669.752,83756.58499999999,86744.166,,82879.26331522815,84305.41205742239,86205.9237531745,41.846882178273304,-1426.1487421942438,-1745.6479063599,319.4991641656561,83756.58499999999,89661.028518598,77852.14148140198,0.4985193354847996,1739.9642857142826,-1,0,1,0,0.0
2025-02-28 18:00:00,83739.1,84009.8,83640.1,84009.8,1901220.301,83525.825,86626.362,,83053.19203596227,84283.5148679837,86119.80125305001,50.03925527142217,-1230.3228320214257,-1642.5828914922051,412.2600594707794,83525.825,88972.10432247505,78079.54567752495,0.5444317093692566,1558.421428571426,-1,0,1,0,0.0
2025-02-28 19:00:00,84009.8,84192.2,83639.2,84071.0,1696575.737,83302.575,86507.784,,83209.77787658347,84267.77302591084,86039.45610587158,54.46577377097314,-1057.9951493273693,-1525.665343059238,467.6701937318687,83302.575,88224.98035291633,78380.16964708366,0.5780538115928162,1319.4142857142829,-1,0,1,0,0.0
2025-02-28 20:00:00,84077.8,84193.5,84057.9,84190.0,19408.751,83094.175,86391.516,,83360.58128018602,84262.01206102855,85966.92841544525,52.60096901489477,-901.4307808425365,-1400.8184306158978,499.3876497733613,83094.175,87433.81950830012,78754.53049169989,0.6262574616312573,1136.2428571428547,-1,0,1,0,0.0
2025-02-28 21:00:00,84190.0,84193.4,84057.9,84145.0,99.627,82943.42000000001,86295.844,,83481.26108323432,84253.34450095236,85895.48024229053,61.15651519585305,-772.0834177180368,-1275.0714280363256,502.98801031828884,82943.42000000001,86879.01704163215,79007.82295836788,0.6526553642673842,993.2857142857122,-1,0,1,0,0.0
2025-02-28 22:00:00,84190.0,84193.4,84057.1,84099.9,913.806,82823.85500000001,86218.75,,83576.43630119826,84241.97824162255,85825.06533082816,55.2289254132797,-665.5419404242857,-1153.1655305139177,487.623590089632,82823.85500000001,86437.78059937085,79209.92940062917,0.6765455548147057,882.0214285714256,-1,0,1,0,0.0
2025-02-28 23:00:00,84100.0,84100.0,84057.2,84057.2,85.985,82723.34,86151.334,,83650.39994716777,84228.29096446533,85755.73727863883,88.8337991500442,-577.8910172975593,-1038.110627870646,460.2196105730868,82723.34,86058.48043981082,79388.19956018917,0.6999705895556917,620.7928571428545,-1,-1,1,0,-0.25
2025-03-01 00:00:00,84057.2,84100.0,84057.2,84057.4,41.904,82726.21,86073.102,,83713.01533991119,84215.63237450493,85689.13581673143,93.05034788362454,-502.6170345937426,-931.0119092152654,428.39487462152283,82726.21,86066.07160816321,79386.3483918368,0.6992881975627862,561.0999999999975,-1,-1,1,0,-0.25
2025-03-01 01:00:00,84099.9,84193.4,84057.1,84057.3,416.753,82777.23999999999,86014.24,,83765.98221069408,84203.90405046752,85625.142255291,92.2649591718356,-437.92183977343666,-832.3938953268997,394.47205555346306,82777.23999999999,86167.87801628424,79386.60198371574,0.6887638836484836,534.114285714283,-1,-1,1,0,-0.25
2025-03-01 02:00:00,84057.3,84194.5,84057.1,84057.2,6126.836,82799.535,85953.37199999999,,83810.78494751037,84193.03708376622,85563.65432371096,92.20130877690099,-382.2521362558473,-742.3655435126893,360.11340725684204,82799.535,86219.00631726197,79380.06368273804,0.6838975799637689,529.6999999999971,-1,-1,1,0,-0.25
2025-03-01 03:00:00,84145.0,84194.6,84057.1,84194.5,304.513,82908.76000000001,85874.218,,83869.81803250877,84193.14544793169,85509.96199729093,91.86850805411639,-323.3274154229148,-658.5579178947345,335.2305024718197,82908.76000000001,86361.438113794,79456.08188620601,0.6861945941127925,500.07857142856875,-1,-1,1,0,-0.25
2025-03-01 04:00:00,84194.6,84194.6,84057.2,84095.2,428.51,82952.45999999999,85776.038,,83904.49218135358,84185.89022956637,85454.48113465207,87.5251677852351,-281.3980482127954,-583.1259439583467,301.72789574555134,82952.45999999999,86443.69749943654,79461.22250056344,0.6636583017031111,377.11428571428405,-1,-1,1,0,-0.25
2025-03-01 05:00:00,84057.2,84194.6,84057.1,84057.1,114.224,83155.31499999999,85697.17799999999,,83927.97030729918,84176.35021256146,85399.68187446964,54.87838971204986,-248.37990526227804,-516.176736219133,267.79683095685493,83155.31499999999,86385.98115341796,79924.64884658201,0.6395664171375228,199.36428571428405,-1,0,1,0,0.0
2025-03-01 06:00:00,84098.4,84194.6,84057.1,84194.5,130.309,83376.875,85604.54,,83968.974875407,84177.69464126062,85352.4198401767,59.983471074380645,-208.719765853617,-454.6853421460298,245.96557629241283,83376.875,86211.5876859884,80542.1623140116,0.6442165557097566,178.71428571428467,-1,0,1,0,0.0
2025-03-01 07:00:00,84194.5,84194.5,84057.1,84092.6,138.893,83568.08,85508.09,,83987.99412534438,84171.39133450057,85303.01514056194,66.09598397231616,-183.39720915618818,-400.42771554806154,217.03050639187336,83568.08,86008.449305615,81127.71069438501,0.6074673408637675,169.76428571428445,-1,0,1,0,0.0
2025-03-01 08:00:00,84092.6,84194.6,84057.1,84119.8,126.489,83758.875,85401.472,,84008.27195221448,84167.5697541672,85256.61454681441,56.43575941961169,-159.29780195272178,-352.2017328289936,192.90393087627183,83758.875,85662.3140149628,81855.4359850372,0.5948086587389447,153.1785714285704,-1,0,1,0,0.0
2025-03-01 09:00:00,84119.8,84194.7,84057.1,84184.6,107.007,83936.94499999999,85292.564,,84035.39934418148,84168.83125385852,85214.57476066482,56.61850384525799,-133.43190967703413,-308.44776819860175,175.01585852156762,83936.94499999999,85144.31150952152,82729.57849047847,0.6025599923664265,123.50714285714119,-1,0,1,0,0.0
2025-03-01 10:00:00,84184.8,84194.7,84057.1,84161.5,183.949,84074.45,85201.51400000001,,84054.79944507664,84168.28819801715,85173.27771122698,48.13065722156628,-113.48875294050958,-269.4559651469833,155.96721220647373,84074.45,84288.74486325962,83860.15513674037,0.7031079949278571,123.64999999999729,-1,0,1,0,0.0
2025-03-01 11:00:00,84161.7,84194.7,84057.1,84085.2,199.371,84081.09,85107.15800000001,,84059.4764535264,84162.13351668254,85130.60799706122,46.232358870967516,-102.65706315614807,-236.09618474881628,133.43912159266822,84081.09,84287.54806914285,83874.63193085714,0.5099535949770913,123.79999999999667,-1,0,1,0,0.0
2025-03-01 12:00:00,84085.4,84194.7,84057.1,84075.1,100.508,84087.2,85012.6,,84061.8800760608,84155.68658952088,85089.21552658823,48.36540996572705,-93.80651346007653,-207.63825049106833,113.8317370309918,84087.2,84284.72414908586,83889.67585091414,0.4693708337537716,123.89285714285403,-1,0,1,0,0.0
2025-03-01 13:00:00,84075.1,84194.7,84057.1,84100.0,474.54,84105.245,84921.06599999999,,84067.74467974376,84151.56165696378,85050.42276083968,52.88876889848842,-83.81697722001991,-182.87399583685865,99.05701861683875,84105.245,84215.55822819227,83994.93177180772,0.476226785826386,130.66428571428176,-1,0,1,0,0.0
2025-03-01 14:00:00,84099.8,84194.0,84055.9,84125.8,182.983,84111.045,84831.476,,84076.67626747549,84149.65338607757,85014.16304472832,54.462421711900475,-72.97711860208074,-160.89462038990308,87.91750178782235,84111.045,84212.03249218274,84010.05750781726,0.5730536013970154,137.47142857142484,-1,0,1,0,0.0
2025-03-01 15:00:00,84163.7,84195.1,84055.9,84195.1,3039.967,84117.25,84744.65800000001,,84094.89530324849,84153.01980192367,84982.04292532722,58.24557204404047,-58.12449867518444,-140.34059604695935,82.21609737177491,84117.25,84223.0147339418,84011.4852660582,0.8680338289454892,137.67857142856934,-1,0,1,0,0.0
2025-03-01 16:00:00,84194.3,84195.1,84055.9,84071.2,167.869,84111.31,84660.70199999999,,84091.24987197948,84146.95907585525,84946.32359492223,50.72962268084219,-55.70920387576916,-123.41431761272132,67.70511373695216,84111.31,84213.14238859435,84009.47761140564,0.3030587293804058,137.80714285714203,-1,0,1,0,0.0
2025-03-01 17:00:00,84071.2,84195.1,84055.9,84157.0,126.982,84111.91,84569.56199999999,,84101.36527629034,84147.70284801412,84915.3697284547,47.93479458090097,-46.33757172377955,-107.99896843493298,61.66139671115343,84111.91,84214.7149537947,84009.10504620531,0.7192987708065285,137.92857142857142,-1,0,1,0,0.0
2025-03-01 18:00:00,84157.0,84195.1,84055.9,84120.6,84.732,84112.94499999999,84465.234,,84104.32446455336,84145.6952296427,84884.20228812314,51.502958579882204,-41.370765089348424,-94.67332776581607,53.302562676467645,84112.94499999999,84215.65760824819,84010.2323917518,0.5372641690760862,138.05714285714308,-1,0,1,0,0.0
2025-03-01 19:00:00,84120.7,84195.1,84055.9,84175.4,76.734,84118.85500000001,84361.89799999999,,84115.25916231438,84147.89558300251,84856.40611996145,56.864337936636346,-32.636420688126236,-82.26594635027811,49.62952566215188,84118.85500000001,84221.66447068035,84016.04552931967,0.7749989841684762,138.17857142857247,-1,0,1,0,0.0
2025-03-01 20:00:00,84175.5,84195.1,84055.9,84059.9,64.927,84118.98000000001,84257.314,,84106.74236811217,84141.37739166898,84825.17058584532,41.98618718742512,-34.635023556809756,-72.73976179158444,38.104738234774686,84118.98000000001,84221.48047701298,84016.47952298704,0.21180621924062856,138.30000000000186,-1,0,1,0,0.0
2025-03-01 21:00:00,84059.9,84195.1,84055.9,84195.1,103.235,84125.87000000001,84169.20599999999,,84120.33584994107,84145.35684413795,84800.46193542001,55.86988890161489,-25.020994196878746,-63.196008272643304,38.17501407576456,84125.87000000001,84229.43339730607,84022.30660269395,0.8342397111375185,138.42857142857454,-1,0,1,0,0.0
2025-03-01 22:00:00,84195.1,84195.2,84055.9,84080.3,1073.174,84127.02500000001,84071.05200000001,,84114.17648841167,84140.53781864625,84772.22029089373,47.944207348808185,-26.3613302345766,-55.82907266502997,29.46774243045337,84127.02500000001,84227.84262324273,84026.20737675729,0.2682696809489644,138.55714285714618,1,0,1,0,0.5
2025-03-01 23:00:00,84080.3,84195.2,84055.9,84184.1,58.185,84126.50499999999,83972.02200000001,,84124.93395173295,84143.76464689468,84749.15675007437,49.97499249774933,-18.830695161726908,-48.42939716436936,29.598702002642455,84126.50499999999,84225.95526738338,84027.0547326166,0.7895668433850478,138.6785714285756,1,0,1,0,0.5
2025-03-02 00:00:00,84191.8,84195.2,84055.9,84055.9,127.02,84124.54000000001,83880.64,,84114.31334377403,84137.25615453211,84721.97021085577,45.22085445329453,-22.94281075807521,-43.33207988311054,20.389269125035327,84124.54000000001,84228.064243784,84021.01575621602,0.16848345135833728,138.80000000000499,1,0,1,0,0.5
2025-03-02 01:00:00,84145.7,84195.2,84055.9,84090.6,102.948,84126.215,83791.732,,84110.66513703957,84133.80014308529,84697.21059474378,50.253950338600866,-23.13500604571891,-39.29266511563221,16.1576590699133,84126.215,84226.16728913676,84026.26271086323,0.3218399983253115,138.9214285714344,1,0,1,0,0.5
2025-03-02 02:00:00,84090.5,84195.2,84055.9,84060.0,170.914,84119.49,83705.772,,84102.87050057194,84128.33346581971,84672.22194396952,49.303312724923636,-25.462965247774264,-36.52672514206063,11.063759894286363,84119.49,84218.18864606597,84020.79135393404,0.19862808472446872,139.0428571428638,1,0,1,0,0.5
2025-03-02 03:00:00,84060.0,84195.2,84055.9,84126.1,113.194,84121.16500000001,83645.092,,84106.44426971472,84128.16802390714,84650.80539714718,51.16010312027756,-21.723754192425986,-33.5661309521337,11.842376759707712,84121.16500000001,84219.0760933906,84023.25390660942,0.5252014344294512,139.1642857142932,1,0,1,0,0.5
2025-03-02 04:00:00,84147.1,84195.2,84061.6,84195.2,75.744,84124.935,83599.172,,84120.09899745091,84133.13335546957,84632.9385188277,52.97038178394076,-13.034358018659987,-29.45977636543896,16.425418346778972,84124.935,84228.2804355598,84021.58956444019,0.8399521208623473,138.84285714286358,1,0,1,0,0.5
2025-03-02 05:00:00,84195.2,84195.2,84066.5,84191.6,163.167,84125.285,83561.654,,84131.09915168924,84137.46421802738,84615.63112593249,49.84126984126985,-6.365066338141332,-24.840834359979436,18.475768021838103,84125.285,84229.5247898496,84021.0452101504,0.818088707276197,138.09285714286256,1,0,1,0,0.5
2025-03-02 06:00:00,84191.6,84195.2,84092.0,84092.1,100.827,84121.815,83563.496,,84125.09928219859,84134.10390558091,84595.10049354298,50.969297838790844,-9.004623382323189,-21.673592164448188,12.668968782124999,84121.815,84225.59826149643,84018.03173850357,0.3568410764339913,135.52142857143295,1,0,1,0,0.5
2025-03-02 07:00:00,84092.1,84195.4,84092.0,84101.1,1283.139,84122.61,83584.784,,84121.40708493727,84131.65917183418,84575.72792516874,47.208628782582984,-10.252086896914989,-19.38929111094155,9.13720421402656,84122.61,84225.45162375888,84019.76837624112,0.39542172121656677,132.96428571428882,1,0,1,0,0.5
2025-03-02 08:00:00,84101.3,84195.5,84092.0,84154.4,479.091,84126.575,83595.646,,84126.48291802384,84133.34367762425,84559.20526143664,51.659791789431736,-6.860759600400343,-16.88358480883331,10.022825208432966,84126.575,84227.80623866981,84025.34376133018,0.6374328733186447,130.414285714288,1,0,1,0,0.5
2025-03-02 09:00:00,84154.4,84195.5,84092.0,84154.4,221.055,84129.29500000001,83638.534,,84130.77785371248,84134.90340520763,84543.33054530187,48.91011002698777,-4.125551495148102,-14.331978146096269,10.206426650948167,84129.29500000001,84230.44305146026,84028.14694853977,0.6241002650943243,127.86428571428716,1,0,1,0,0.5
2025-03-02 10:00:00,84195.4,84195.4,84092.1,84164.3,151.234,84131.22,83657.39600000001,,84135.93510698748,84137.0809307478,84528.46660234885,56.08533457682472,-1.1458237603219459,-11.694747268941406,10.54892350861946,84131.22,84233.5465484844,84028.8934515156,0.6616393814213544,125.2999999999998,1,0,1,0,0.5
2025-03-02 11:00:00,84181.5,84195.4,84092.0,84149.6,101.497,84128.94499999999,83740.388,,84138.03739822019,84138.00826921093,84513.60908853126,46.914417469144254,0.02912900925730355,-9.349972013301665,9.379101022558968,84128.94499999999,84227.23521420742,84030.65478579256,0.6050714975369941,122.74285714285568,1,0,1,0,0.5
2025-03-02 12:00:00,84155.5,84195.4,84092.1,84120.6,223.018,84131.41500000001,83827.534,,84135.35472157093,84136.7187677879,84498.19696741238,53.09286262471235,-1.3640462169714738,-7.752786854035627,6.388740637064153,84131.41500000001,84226.00856325323,84036.82143674679,0.442834376737393,120.17142857142608,1,0,1,0,0.5
2025-03-02 13:00:00,84180.4,84195.4,84092.1,84092.1,107.599,84128.17,83904.006,,84128.70014902155,84133.41367387769,84482.2715961413,42.01666088163849,-4.713524856138974,-7.144934454456297,2.4314095983173223,84128.17,84223.51778665217,84032.82221334783,0.31085035496641544,117.59999999999647,1,0,1,0,0.5
2025-03-02 14:00:00,84146.4,84195.4,84092.0,84150.3,137.024,84129.655,83980.93400000001,,84132.02320301824,84134.6645128497,84469.25310217497,59.32437771631858,-2.64130983146606,-6.244209529858249,3.6028996983921893,84129.655,84225.4305374684,84033.8794625316,0.6077780430457748,115.03571428571013,1,0,1,0,0.5
2025-03-02 15:00:00,84156.1,84195.4,84092.0,84195.4,1459.487,84130.655,84052.37799999998,,84141.77347947696,84139.1634378238,84458.51376483479,60.14324428958509,2.610041653169901,-4.47335929325262,7.083400946422521,84130.655,84228.8292055226,84032.4807944774,0.8297454746658833,112.47142857142379,1,0,1,0,0.5
2025-03-02 16:00:00,84195.4,84195.4,84092.0,84195.3,426.574,84137.425,84108.056,,84150.0083287882,84143.32170168869,84448.1916564099,63.9168895289049,6.686627099508769,-2.2413620147003424,8.927989114209112,84137.425,84233.71117159553,84041.13882840448,0.8005364064277087,109.90714285713746,1,0,1,0,0.5
2025-03-02 17:00:00,84195.3,84195.4,84092.1,84110.0,246.215,84133.17,84111.20800000001,,84143.85320128233,84140.85342748954,84434.92923851147,48.406886997822376,2.9997737927915296,-1.193134853201968,4.192908645993498,84133.17,84226.19065644109,84040.14934355891,0.3754577698843075,107.33571428570784,1,0,1,0,0.5
2025-03-02 18:00:00,84110.0,84195.6,84092.2,84195.6,1541.938,84138.935,84116.06199999999,,84151.81424723889,84144.90872915697,84425.54377817769,50.03832886163366,6.905518081912305,0.4265957338208865,6.478922348091419,84138.935,84232.44949703821,84045.42050296179,0.8029744146346366,105.17857142856623,1,0,1,0,0.5
2025-03-02 19:00:00,84167.7,84195.7,84092.2,84115.8,272.963,84135.52,84123.59599999999,,84146.27359381752,84142.7525269972,84413.39696334719,43.66220735785914,3.521066820321721,1.0454899511210534,2.4755768692006677,84135.52,84227.05736308482,84043.98263691519,0.39228442170805966,103.37857142856645,1,0,1,0,0.5
2025-03-02 20:00:00,84166.5,84195.7,84092.2,84153.3,175.679,84140.39,84126.466,,84147.35457938406,84143.5338212937,84403.19708243161,55.70895522388048,3.820758090354502,1.6005435789677431,2.220214511386759,84140.39,84224.12280560962,84056.65719439038,0.5770904540103032,103.39999999999522,1,0,1,0,0.5
2025-03-02 21:00:00,84156.3,84195.5,84092.4,84126.6,124.665,84142.19,84127.57800000001,,84144.16156717113,84142.27946416083,84392.35013802254,52.30269098789966,1.8821030102990335,1.6568554652340013,0.2252475450650322,84142.19,84222.90970736017,84061.47029263983,0.40343126536352525,103.37857142856748,1,0,1,0,0.5
2025-03-02 22:00:00,84101.7,84195.7,84092.4,84195.6,259.575,84148.97,84127.69,,84152.07517222172,84146.22913348225,84384.63444633537,53.6178433438718,5.8460387394734425,2.4946921200818895,3.351346619391553,84148.97,84223.13553603433,84074.80446396567,0.8143643428830705,103.36428571428198,1,0,1,0,0.5
2025-03-02 23:00:00,84153.3,84195.7,84092.4,84156.3,310.427,84150.48000000001,84127.916,,84152.72514572607,84146.97512359468,84375.68015432222,50.15607031378419,5.75002213139669,3.1457581223448496,2.6042640090518407,84150.48000000001,84223.91108762642,84077.0489123736,0.5396289922165032,103.34999999999647,1,0,1,0,0.5
2025-03-03 00:00:00,84168.5,84195.9,84055.9,84131.6,1838.898,84147.3,84128.55,,84149.47512330668,84145.83622555062,84366.1083835645,47.37770649558959,3.6388977560563944,3.2443860490871588,0.39451170696923565,84147.3,84218.03586151084,84076.56413848916,0.3890237592031631,105.97142857142588,1,0,1,0,0.5
2025-03-03 01:00:00,84166.8,84195.9,84055.9,84195.9,132.165,84147.515,84131.32400000001,,84156.61741202873,84149.54465328761,84359.43354499334,53.439310652205464,7.072758741123835,4.010060587494494,3.0626981536293405,84147.515,84218.84147768865,84076.18852231135,0.8391797938712331,108.585714285712,1,0,1,0,0.5
2025-03-03 02:00:00,84195.9,84196.6,84055.9,84060.0,4695.975,84145.91,84131.37599999999,,84141.75319479355,84142.91171600705,84347.69105303282,46.115384615384095,-1.1585212134959875,2.976344227296398,-4.134865440792385,84145.91,84223.64368570417,84068.17631429584,-0.05259183468383279,111.25714285714223,1,0,-1,1,0.25
2025-03-03 03:00:00,84060.0,84196.6,84055.9,84095.2,538.352,84145.615,84132.134,,84134.59116482531,84139.37751482133,84337.78944310997,50.1970255497643,-4.786349996022182,1.423805382632682,-6.210155378654863,84145.615,84224.10579797556,84067.12420202445,0.17884770380528292,113.92857142857247,1,0,-1,0,0.0
2025-03-03 04:00:00,84134.0,84196.6,84055.9,84184.1,52.556,84147.1,84134.672,,84142.20790869834,84142.69029150123,84331.76240612527,52.067531196476864,-0.4823828028893331,1.042567745528279,-1.524950548417612,84147.1,84227.39372393706,84066.80627606295,0.7304040601542363,116.59285714285943,1,0,-1,0,0.0
2025-03-03 05:00:00,84184.4,84196.6,84090.0,84196.6,52.611,84149.20999999999,84134.714,,84150.57592274476,84146.68360324188,84326.46191961056,50.07645259938913,3.8923195028764894,1.6125180969979211,2.279801405878568,84149.20999999999,84232.4743956164,84065.94560438358,0.7845754157535378,116.8214285714317,1,0,1,0,0.5
2025-03-03 06:00:00,84196.6,84196.6,84055.9,84091.3,192.238,84145.56,84134.636,,84141.4565500148,84142.58111411285,84317.2398835474,44.157303370786515,-1.1245640980487224,1.0651016579885926,-2.189665756037315,84145.56,84232.36403579325,84058.75596420675,0.18745692810163384,119.48571428571866,1,0,-1,0,0.0
2025-03-03 07:00:00,84091.3,84196.6,84055.9,84181.4,191.797,84147.15,84137.12199999999,,84147.60169616637,84145.45658714153,84311.91282929064,53.98971837282048,2.1451090248447144,1.2811031313598171,0.8640058934848973,84147.15,84235.41823949575,84058.88176050424,0.6940108933612998,122.15714285714888,1,0,1,0,0.5
2025-03-03 08:00:00,84178.5,84246.9,84022.5,84189.9,381680.786,84150.615,84137.03,,84154.10912752539,84148.74869179771,84307.12801245571,49.651461416166576,5.360435727678123,2.0969696506234783,3.2634660770546446,84150.615,84239.92949519004,84061.30050480997,0.7199251079928474,130.80000000000499,1,0,1,0,0.5
2025-03-03 09:00:00,84195.3,84351.9,83988.2,84351.9,771775.401,84163.60500000001,84142.21600000001,89105.5375,84184.53849252147,84163.79693684973,84308.88377667313,63.118124236026034,20.741555671746028,5.8258868548479885,14.91566881689804,84163.60500000001,84286.38676574077,84040.82323425925,1.2667873110635626,149.38571428571908,1,0,1,-1,0.25
